"PLAÈA","STATISTIÈNA REGIJA","STAROST","SPOL","Povpreèje 2008","Povpreèje 2009","Povpreèje 2010","Povpreèje 2011","Povpreèje 2012","Povpreèje 2013","Povpreèje 2014","Povpreèje 2015","Povpreèje 2016","Povpreèje 2017","Povpreèje 2018","Povpreèje 2019"
"Bruto","SLOVENIJA","Starost - SKUPAJ","Spol - SKUPAJ",1427,1477,1538,1582,1601,1598,1637,1652,1686,1722,1778,1851
"Bruto","SLOVENIJA","Starost - SKUPAJ","Moški",1474,1496,1564,1617,1639,1639,1678,1698,1733,1770,1837,1900
"Bruto","SLOVENIJA","Starost - SKUPAJ","Ženske",1368,1453,1506,1542,1555,1551,1589,1598,1631,1664,1708,1790
"Bruto","SLOVENIJA","15-64 let","Spol - SKUPAJ",1423,1473,1535,1579,1597,1594,1634,1648,1681,1717,1773,1845
"Bruto","SLOVENIJA","15-64 let","Moški",1469,1491,1559,1611,1635,1634,1673,1692,1726,1764,1830,1893
"Bruto","SLOVENIJA","15-64 let","Ženske",1367,1451,1505,1541,1554,1549,1587,1596,1629,1662,1705,1787
"Bruto","SLOVENIJA","15-24 let","Spol - SKUPAJ",901,910,972,1022,1037,1047,1077,1096,1113,1144,1198,1245
"Bruto","SLOVENIJA","15-24 let","Moški",913,913,979,1034,1051,1064,1097,1119,1139,1172,1233,1278
"Bruto","SLOVENIJA","15-24 let","Ženske",863,901,951,991,997,994,1006,1009,1026,1056,1097,1146
"Bruto","SLOVENIJA","25-34 let","Spol - SKUPAJ",1255,1278,1328,1356,1366,1356,1379,1385,1404,1437,1500,1564
"Bruto","SLOVENIJA","25-34 let","Moški",1291,1295,1349,1381,1393,1384,1411,1421,1443,1482,1556,1621
"Bruto","SLOVENIJA","25-34 let","Ženske",1205,1253,1299,1320,1326,1315,1328,1326,1340,1365,1411,1474
"Bruto","SLOVENIJA","35-44 let","Spol - SKUPAJ",1455,1511,1571,1614,1638,1633,1669,1683,1712,1742,1798,1869
"Bruto","SLOVENIJA","35-44 let","Moški",1532,1559,1625,1675,1705,1697,1732,1753,1781,1811,1879,1942
"Bruto","SLOVENIJA","35-44 let","Ženske",1372,1460,1511,1549,1567,1565,1599,1604,1634,1663,1703,1780
"Bruto","SLOVENIJA","45-54 let","Spol - SKUPAJ",1489,1552,1611,1650,1666,1658,1700,1713,1756,1800,1866,1954
"Bruto","SLOVENIJA","45-54 let","Moški",1553,1584,1648,1704,1729,1729,1773,1792,1842,1885,1960,2038
"Bruto","SLOVENIJA","45-54 let","Ženske",1424,1520,1573,1600,1607,1592,1631,1638,1675,1718,1771,1867
"Bruto","SLOVENIJA","55-64 let","Spol - SKUPAJ",1796,1860,1944,1959,1959,1896,1893,1890,1902,1918,1953,2022
"Bruto","SLOVENIJA","55-64 let","Moški",1764,1804,1900,1932,1939,1896,1899,1911,1928,1954,1996,2055
"Bruto","SLOVENIJA","55-64 let","Ženske",1874,1987,2037,2007,1995,1896,1884,1863,1873,1878,1905,1987
"Bruto","SLOVENIJA","65 let ali veè","Spol - SKUPAJ",3880,4085,4026,3917,3899,3747,3537,3574,3462,3317,3164,3180
"Bruto","SLOVENIJA","65 let ali veè","Moški",4066,4233,4195,4051,3984,3821,3608,3634,3517,3338,3156,3175
"Bruto","SLOVENIJA","65 let ali veè","Ženske",3131,3431,3213,3327,3588,3496,3288,3373,3285,3255,3188,3196
"Bruto","Pomurska","Starost - SKUPAJ","Spol - SKUPAJ",1185,1310,1330,1385,1391,1380,1446,1447,1473,1508,1556,1649
"Bruto","Pomurska","Starost - SKUPAJ","Moški",1229,1290,1330,1385,1405,1401,1461,1465,1509,1547,1607,1693
"Bruto","Pomurska","Starost - SKUPAJ","Ženske",1135,1338,1331,1385,1374,1357,1427,1425,1431,1462,1499,1597
"Bruto","Pomurska","15-64 let","Spol - SKUPAJ",1184,1309,1330,1383,1390,1379,1444,1445,1471,1504,1553,1643
"Bruto","Pomurska","15-64 let","Moški",1227,1288,1328,1382,1404,1399,1457,z,z,z,z,1685
"Bruto","Pomurska","15-64 let","Ženske",1135,1337,1331,1385,1373,1357,1427,z,z,z,z,1594
"Bruto","Pomurska","15-24 let","Spol - SKUPAJ",837,871,900,954,955,965,984,1008,1031,1076,1132,1183
"Bruto","Pomurska","15-24 let","Moški",855,881,907,965,969,984,1003,z,z,z,1172,1220
"Bruto","Pomurska","15-24 let","Ženske",783,845,880,926,916,898,904,z,z,z,1012,1079
"Bruto","Pomurska","25-34 let","Spol - SKUPAJ",1085,1127,1159,1199,1217,1202,1222,1233,1256,1292,1345,1432
"Bruto","Pomurska","25-34 let","Moški",1110,1126,1165,1208,1227,1217,1247,1260,1290,1332,1398,1489
"Bruto","Pomurska","25-34 let","Ženske",1053,1130,1152,1185,1204,1179,1184,1191,1200,1226,1259,1338
"Bruto","Pomurska","35-44 let","Spol - SKUPAJ",1171,1328,1324,1376,1389,1382,1447,1453,1481,1522,1579,1655
"Bruto","Pomurska","35-44 let","Moški",1255,1322,1345,1393,1424,1432,1492,1500,1554,1597,1666,1742
"Bruto","Pomurska","35-44 let","Ženske",1095,1336,1303,1359,1354,1334,1397,1401,1404,1441,1485,1557
"Bruto","Pomurska","45-54 let","Spol - SKUPAJ",1249,1419,1425,1468,1457,1431,1516,1505,1513,1533,1575,1696
"Bruto","Pomurska","45-54 let","Moški",1305,1385,1421,1466,1486,1457,1530,1530,1572,1591,1647,1762
"Bruto","Pomurska","45-54 let","Ženske",1196,1458,1429,1470,1429,1407,1502,1480,1457,1477,1507,1630
"Bruto","Pomurska","55-64 let","Spol - SKUPAJ",1446,1610,1692,1724,1707,1658,1707,1684,1709,1724,1748,1826
"Bruto","Pomurska","55-64 let","Moški",1395,1527,1593,1643,1654,1632,1674,1660,1687,1715,z,1794
"Bruto","Pomurska","55-64 let","Ženske",1610,1866,1960,1916,1821,1707,1762,1720,1738,1735,z,1864
"Bruto","Pomurska","65 let ali veè","Spol - SKUPAJ",3830,3582,3042,3833,2949,3922,3700,4095,3348,3424,3477,3600
"Bruto","Pomurska","65 let ali veè","Moški",3840,3775,3264,4295,z,z,4106,z,z,z,z,3582
"Bruto","Pomurska","65 let ali veè","Ženske",z,z,z,z,z,z,z,z,z,z,z,3681
"Bruto","Podravska","Starost - SKUPAJ","Spol - SKUPAJ",1324,1369,1428,1471,1489,1487,1518,1529,1549,1602,1658,1733
"Bruto","Podravska","Starost - SKUPAJ","Moški",1367,1384,1446,1505,1523,1527,1560,1568,1594,1652,1720,1788
"Bruto","Podravska","Starost - SKUPAJ","Ženske",1269,1351,1407,1434,1451,1446,1472,1485,1499,1547,1589,1671
"Bruto","Podravska","15-64 let","Spol - SKUPAJ",1320,1365,1424,1467,1485,1484,1514,1524,1543,1597,1651,1727
"Bruto","Podravska","15-64 let","Moški",1362,1377,1439,1499,1519,1522,1554,1562,1586,1643,1710,1779
"Bruto","Podravska","15-64 let","Ženske",1268,1349,1406,1432,1450,1444,1471,1483,1497,1545,1587,1668
"Bruto","Podravska","15-24 let","Spol - SKUPAJ",865,876,934,967,986,1001,1030,1060,1072,1110,1171,1232
"Bruto","Podravska","15-24 let","Moški",889,886,944,979,999,1020,1050,1084,1105,1140,1215,1276
"Bruto","Podravska","15-24 let","Ženske",789,843,906,937,949,945,961,970,954,1019,1054,1110
"Bruto","Podravska","25-34 let","Spol - SKUPAJ",1158,1182,1233,1261,1273,1260,1280,1283,1299,1342,1417,1490
"Bruto","Podravska","25-34 let","Moški",1203,1205,1254,1285,1293,1286,1314,1319,1335,1390,1480,1556
"Bruto","Podravska","25-34 let","Ženske",1096,1150,1205,1229,1245,1225,1230,1227,1241,1267,1322,1383
"Bruto","Podravska","35-44 let","Spol - SKUPAJ",1329,1373,1430,1474,1497,1499,1523,1525,1547,1603,1657,1732
"Bruto","Podravska","35-44 let","Moški",1396,1413,1476,1533,1564,1563,1589,1589,1610,1671,1744,1814
"Bruto","Podravska","35-44 let","Ženske",1259,1331,1384,1418,1433,1438,1457,1459,1484,1532,1566,1643
"Bruto","Podravska","45-54 let","Spol - SKUPAJ",1386,1439,1493,1528,1547,1541,1575,1580,1603,1657,1716,1807
"Bruto","Podravska","45-54 let","Moški",1424,1446,1498,1571,1592,1595,1635,1644,1687,1737,1805,1887
"Bruto","Podravska","45-54 let","Ženske",1345,1432,1489,1491,1508,1495,1521,1523,1528,1583,1634,1731
"Bruto","Podravska","55-64 let","Spol - SKUPAJ",1675,1722,1792,1832,1811,1760,1747,1764,1741,1784,1809,1879
"Bruto","Podravska","55-64 let","Moški",1662,1681,1758,1820,1792,1777,1763,1772,1758,1813,1840,1905
"Bruto","Podravska","55-64 let","Ženske",1704,1811,1864,1853,1843,1735,1727,1755,1722,1753,1776,1852
"Bruto","Podravska","65 let ali veè","Spol - SKUPAJ",3901,4343,4279,4094,4012,3699,3799,3752,3696,3485,3224,3130
"Bruto","Podravska","65 let ali veè","Moški",4144,4509,4434,4156,4037,3708,3909,3889,3827,3593,3258,3145
"Bruto","Podravska","65 let ali veè","Ženske",3063,3648,3551,3874,3928,3673,3479,3364,3314,3120,3097,3078
"Bruto","Koroška","Starost - SKUPAJ","Spol - SKUPAJ",1272,1305,1391,1451,1465,1468,1503,1539,1572,1616,1666,1718
"Bruto","Koroška","Starost - SKUPAJ","Moški",1314,1313,1382,1455,1470,1481,1519,1570,1604,1660,1725,1770
"Bruto","Koroška","Starost - SKUPAJ","Ženske",1219,1295,1404,1446,1459,1450,1482,1499,1530,1561,1593,1653
"Bruto","Koroška","15-64 let","Spol - SKUPAJ",1271,1303,1390,1448,1462,1464,1499,z,1567,1612,1662,1713
"Bruto","Koroška","15-64 let","Moški",1313,1310,1379,1451,1466,1477,1514,1561,z,1655,1719,1763
"Bruto","Koroška","15-64 let","Ženske",1219,1294,1404,1445,1458,1449,1480,z,z,1558,1590,1650
"Bruto","Koroška","15-24 let","Spol - SKUPAJ",905,888,961,1033,1042,1039,1072,z,1149,1197,1223,1260
"Bruto","Koroška","15-24 let","Moški",936,898,976,1053,1058,1073,1110,1153,z,1248,1275,1307
"Bruto","Koroška","15-24 let","Ženske",787,849,903,954,974,891,885,z,z,1008,1046,1108
"Bruto","Koroška","25-34 let","Spol - SKUPAJ",1086,1092,1163,1222,1242,1245,1286,1318,1359,1403,1465,1501
"Bruto","Koroška","25-34 let","Moški",1140,1124,1175,1247,1264,1278,1318,1360,1403,1469,1539,1566
"Bruto","Koroška","25-34 let","Ženske",1012,1045,1143,1182,1204,1185,1220,1232,1268,1272,1320,1372
"Bruto","Koroška","35-44 let","Spol - SKUPAJ",1263,1294,1388,1453,1458,1461,1492,1528,1549,1599,1652,1707
"Bruto","Koroška","35-44 let","Moški",1326,1329,1396,1479,1494,1501,1541,1592,1600,1674,1744,1792
"Bruto","Koroška","35-44 let","Ženske",1197,1258,1378,1423,1415,1417,1434,1453,1490,1512,1544,1604
"Bruto","Koroška","45-54 let","Spol - SKUPAJ",1384,1417,1497,1530,1548,1531,1560,1584,1622,1663,1718,1781
"Bruto","Koroška","45-54 let","Moški",1416,1410,1488,1533,1556,1549,1579,1631,1683,1718,1794,1865
"Bruto","Koroška","45-54 let","Ženske",1348,1424,1506,1526,1540,1513,1541,1535,1560,1606,1641,1696
"Bruto","Koroška","55-64 let","Spol - SKUPAJ",1664,1720,1769,1815,1829,1813,1794,1810,1833,1854,1880,1934
"Bruto","Koroška","55-64 let","Moški",1664,1674,1697,1751,1757,1774,1775,1795,1845,1881,1922,1959
"Bruto","Koroška","55-64 let","Ženske",1665,1808,1913,1935,1967,1876,1821,1828,1818,1825,1836,1908
"Bruto","Koroška","65 let ali veè","Spol - SKUPAJ",3056,3950,z,4536,4079,4042,4411,z,4467,3676,3786,3458
"Bruto","Koroška","65 let ali veè","Moški",z,4294,z,z,4342,4432,4851,5772,z,3818,3877,3410
"Bruto","Koroška","65 let ali veè","Ženske",z,z,z,z,z,z,z,z,z,3429,3540,3612
"Bruto","Savinjska","Starost - SKUPAJ","Spol - SKUPAJ",1286,1318,1399,1440,1463,1470,1507,1517,1540,1580,1629,1681
"Bruto","Savinjska","Starost - SKUPAJ","Moški",1330,1336,1435,1483,1513,1521,1561,1572,1590,1640,1700,1740
"Bruto","Savinjska","Starost - SKUPAJ","Ženske",1229,1294,1353,1386,1404,1407,1441,1447,1480,1506,1542,1608
"Bruto","Savinjska","15-64 let","Spol - SKUPAJ",1285,1316,1397,1438,1461,1468,1506,1515,1538,1578,1626,1677
"Bruto","Savinjska","15-64 let","Moški",1328,1334,1432,1480,1510,1519,1558,1570,1587,z,1694,1735
"Bruto","Savinjska","15-64 let","Ženske",1228,1293,1353,1386,1403,1407,1440,1447,1479,z,1541,1606
"Bruto","Savinjska","15-24 let","Spol - SKUPAJ",861,866,951,1019,1053,1070,1105,1100,1094,1137,1202,1238
"Bruto","Savinjska","15-24 let","Moški",877,869,961,1032,1076,1099,1133,1130,1124,z,1255,1285
"Bruto","Savinjska","15-24 let","Ženske",807,853,917,978,977,962,966,937,968,z,1044,1093
"Bruto","Savinjska","25-34 let","Spol - SKUPAJ",1120,1140,1210,1249,1266,1263,1287,1290,1306,1342,1400,1447
"Bruto","Savinjska","25-34 let","Moški",1154,1155,1243,1283,1300,1298,1327,1330,1348,1394,1463,1511
"Bruto","Savinjska","25-34 let","Ženske",1068,1114,1160,1196,1211,1205,1215,1214,1227,1250,1289,1333
"Bruto","Savinjska","35-44 let","Spol - SKUPAJ",1289,1322,1399,1439,1462,1470,1508,1514,1536,1575,1626,1683
"Bruto","Savinjska","35-44 let","Moški",1351,1360,1456,1504,1534,1537,1579,1585,1596,1647,1705,1752
"Bruto","Savinjska","35-44 let","Ženske",1217,1279,1337,1368,1385,1395,1426,1430,1466,1489,1530,1597
"Bruto","Savinjska","45-54 let","Spol - SKUPAJ",1384,1425,1496,1520,1540,1539,1575,1578,1601,1647,1691,1750
"Bruto","Savinjska","45-54 let","Moški",1453,1467,1552,1589,1623,1629,1665,1676,1693,1745,1798,1845
"Bruto","Savinjska","45-54 let","Ženske",1309,1379,1437,1453,1464,1453,1487,1482,1511,1548,1581,1654
"Bruto","Savinjska","55-64 let","Spol - SKUPAJ",1645,1656,1785,1800,1821,1781,1769,1781,1784,1802,1834,1875
"Bruto","Savinjska","55-64 let","Moški",1626,1610,1749,1783,1814,1800,1806,1834,1835,1868,1910,1938
"Bruto","Savinjska","55-64 let","Ženske",1699,1775,1868,1833,1833,1749,1716,1712,1724,1729,1752,1809
"Bruto","Savinjska","65 let ali veè","Spol - SKUPAJ",3727,3636,3794,3877,3693,3749,3341,3265,3152,2900,3247,3081
"Bruto","Savinjska","65 let ali veè","Moški",3757,3722,3839,3866,3658,3773,3359,3355,3160,z,3384,3044
"Bruto","Savinjska","65 let ali veè","Ženske",3607,z,z,z,z,z,3252,2818,3110,z,2485,3220
"Bruto","Zasavska","Starost - SKUPAJ","Spol - SKUPAJ",1329,1402,1467,1519,1505,1506,1505,1469,1502,1535,1583,1650
"Bruto","Zasavska","Starost - SKUPAJ","Moški",1409,1450,1520,1576,1558,1556,1544,1489,1522,1567,1619,1676
"Bruto","Zasavska","Starost - SKUPAJ","Ženske",1235,1347,1408,1457,1448,1455,1465,1450,1483,1504,1547,1623
"Bruto","Zasavska","15-64 let","Spol - SKUPAJ",1327,1399,1465,1517,1502,1505,1503,z,1498,1531,1581,1648
"Bruto","Zasavska","15-64 let","Moški",1405,1444,1518,1574,1554,1554,1541,z,z,z,z,z
"Bruto","Zasavska","15-64 let","Ženske",1235,1347,1406,1455,1448,1455,1465,z,z,z,z,z
"Bruto","Zasavska","15-24 let","Spol - SKUPAJ",874,877,936,1033,997,1058,997,z,1019,1076,1116,1172
"Bruto","Zasavska","15-24 let","Moški",894,886,945,1046,1004,1042,1001,z,z,1089,1143,1208
"Bruto","Zasavska","15-24 let","Ženske",810,847,909,996,977,1103,983,z,z,1033,1052,1052
"Bruto","Zasavska","25-34 let","Spol - SKUPAJ",1158,1225,1291,1323,1292,1301,1286,1251,1290,1327,1397,1456
"Bruto","Zasavska","25-34 let","Moški",1205,1233,1284,1319,1300,1317,1308,1275,1317,1371,1447,z
"Bruto","Zasavska","25-34 let","Ženske",1096,1214,1301,1329,1280,1276,1253,1214,1248,1259,1312,z
"Bruto","Zasavska","35-44 let","Spol - SKUPAJ",1318,1372,1449,1522,1507,1506,1506,1448,1490,1519,1583,1642
"Bruto","Zasavska","35-44 let","Moški",1442,1477,1542,1619,1590,1578,1553,1470,1503,1538,z,1673
"Bruto","Zasavska","35-44 let","Ženske",1184,1264,1356,1423,1425,1440,1465,1428,1478,1500,z,1610
"Bruto","Zasavska","45-54 let","Spol - SKUPAJ",1407,1488,1542,1574,1547,1524,1516,1498,1512,1553,1584,1663
"Bruto","Zasavska","45-54 let","Moški",1518,1570,1648,1679,1645,1607,1594,1552,1589,1646,1663,1715
"Bruto","Zasavska","45-54 let","Ženske",1299,1413,1446,1481,1465,1454,1451,1455,1451,1479,1517,1620
"Bruto","Zasavska","55-64 let","Spol - SKUPAJ",1603,1694,1792,1801,1844,1834,1798,1736,1760,1768,1805,1875
"Bruto","Zasavska","55-64 let","Moški",1536,1606,1764,1794,1849,1876,1820,1735,1742,z,1827,1924
"Bruto","Zasavska","55-64 let","Ženske",1783,1867,1837,1813,1837,1784,1773,1737,1777,z,1788,1836
"Bruto","Zasavska","65 let ali veè","Spol - SKUPAJ",z,z,z,z,z,z,z,z,4140,3561,2966,2676
"Bruto","Zasavska","65 let ali veè","Moški",z,z,z,z,z,z,z,z,z,z,z,z
"Bruto","Zasavska","65 let ali veè","Ženske",-,-,z,z,z,z,z,z,z,z,z,z
"Bruto","Posavska","Starost - SKUPAJ","Spol - SKUPAJ",1283,1329,1387,1455,1481,1474,1517,1519,1564,1596,1656,1714
"Bruto","Posavska","Starost - SKUPAJ","Moški",1343,1365,1417,1508,1551,1541,1591,1597,1644,1673,1746,1790
"Bruto","Posavska","Starost - SKUPAJ","Ženske",1207,1282,1350,1392,1401,1400,1430,1430,1470,1507,1549,1625
"Bruto","Posavska","15-64 let","Spol - SKUPAJ",1281,1327,1385,1453,1480,1471,1513,1515,1560,1591,1649,1708
"Bruto","Posavska","15-64 let","Moški",1340,1363,1414,1504,1549,1536,1585,z,z,z,1737,1782
"Bruto","Posavska","15-64 let","Ženske",1207,1282,1350,1392,1401,1399,1429,z,z,z,1545,1621
"Bruto","Posavska","15-24 let","Spol - SKUPAJ",889,905,953,1032,1081,1041,1051,1101,1162,1166,1209,1249
"Bruto","Posavska","15-24 let","Moški",907,917,963,1052,1109,1057,1056,z,z,1199,1247,1298
"Bruto","Posavska","15-24 let","Ženske",817,849,899,960,964,965,1024,z,z,1016,1068,1082
"Bruto","Posavska","25-34 let","Spol - SKUPAJ",1117,1152,1214,1272,1294,1306,1341,1369,1401,1425,1496,1533
"Bruto","Posavska","25-34 let","Moški",1167,1176,1233,1310,1350,1371,1416,1448,1484,z,1597,1620
"Bruto","Posavska","25-34 let","Ženske",1041,1115,1181,1212,1203,1200,1209,1225,1255,z,1325,1386
"Bruto","Posavska","35-44 let","Spol - SKUPAJ",1270,1315,1365,1433,1465,1450,1506,1516,1563,1587,1651,1714
"Bruto","Posavska","35-44 let","Moški",1336,1361,1419,1497,1554,1524,1593,1600,1648,1676,1747,1792
"Bruto","Posavska","35-44 let","Ženske",1203,1265,1307,1364,1376,1380,1415,1428,1469,1488,1540,1623
"Bruto","Posavska","45-54 let","Spol - SKUPAJ",1390,1441,1493,1536,1540,1502,1532,1515,1562,1607,1674,1746
"Bruto","Posavska","45-54 let","Moški",1507,1539,1556,1625,1633,1593,1628,1612,1658,1703,1777,1844
"Bruto","Posavska","45-54 let","Ženske",1274,1348,1433,1456,1460,1426,1446,1428,1473,1516,1576,1651
"Bruto","Posavska","55-64 let","Spol - SKUPAJ",1666,1732,1876,1935,1958,1887,1888,1822,1837,1844,1866,1915
"Bruto","Posavska","55-64 let","Moški",1639,1688,1866,1969,2032,1945,1974,1905,1951,1963,1988,2024
"Bruto","Posavska","55-64 let","Ženske",1743,1847,1898,1873,1834,1801,1782,1725,1715,1723,1735,1807
"Bruto","Posavska","65 let ali veè","Spol - SKUPAJ",3629,3732,3969,3389,2970,3942,3842,4264,3621,4275,3964,3705
"Bruto","Posavska","65 let ali veè","Moški",3796,z,4212,3756,z,4054,3990,z,z,z,3970,3684
"Bruto","Posavska","65 let ali veè","Ženske",z,z,z,z,z,z,z,z,z,z,3944,3760
"Bruto","Jugovzhodna Slovenija","Starost - SKUPAJ","Spol - SKUPAJ",1353,1382,1480,1539,1565,1561,1620,1636,1660,1687,1749,1830
"Bruto","Jugovzhodna Slovenija","Starost - SKUPAJ","Moški",1368,1371,1471,1522,1552,1554,1615,1637,1662,1700,1767,1835
"Bruto","Jugovzhodna Slovenija","Starost - SKUPAJ","Ženske",1333,1397,1492,1563,1580,1570,1626,1633,1657,1672,1726,1823
"Bruto","Jugovzhodna Slovenija","15-64 let","Spol - SKUPAJ",1351,1380,1479,1537,1563,1560,1619,1634,1659,1685,1747,1827
"Bruto","Jugovzhodna Slovenija","15-64 let","Moški",1365,1368,1470,1519,1550,1551,1613,z,z,z,z,1832
"Bruto","Jugovzhodna Slovenija","15-64 let","Ženske",1333,1397,1492,1562,1580,1570,1626,z,z,z,z,1821
"Bruto","Jugovzhodna Slovenija","15-24 let","Spol - SKUPAJ",928,943,1005,1058,1074,1107,1172,1176,1191,1175,1239,1271
"Bruto","Jugovzhodna Slovenija","15-24 let","Moški",935,941,1008,1054,1077,1101,1147,z,z,1195,1256,1278
"Bruto","Jugovzhodna Slovenija","15-24 let","Ženske",902,951,994,1073,1066,1130,1268,z,z,1112,1182,1247
"Bruto","Jugovzhodna Slovenija","25-34 let","Spol - SKUPAJ",1193,1206,1293,1344,1360,1371,1428,1453,1466,1481,1536,1609
"Bruto","Jugovzhodna Slovenija","25-34 let","Moški",1213,1207,1301,1345,1368,1377,1439,1473,1480,1504,1571,1635
"Bruto","Jugovzhodna Slovenija","25-34 let","Ženske",1162,1205,1280,1342,1347,1362,1408,1418,1441,1441,1477,1563
"Bruto","Jugovzhodna Slovenija","35-44 let","Spol - SKUPAJ",1370,1393,1490,1549,1573,1568,1624,1642,1680,1711,1778,1865
"Bruto","Jugovzhodna Slovenija","35-44 let","Moški",1401,1403,1495,1548,1572,1574,1640,1672,1713,1754,1822,1898
"Bruto","Jugovzhodna Slovenija","35-44 let","Ženske",1336,1382,1484,1551,1575,1562,1605,1607,1640,1657,1722,1823
"Bruto","Jugovzhodna Slovenija","45-54 let","Spol - SKUPAJ",1435,1475,1578,1636,1661,1636,1692,1693,1709,1747,1815,1908
"Bruto","Jugovzhodna Slovenija","45-54 let","Moški",1472,1477,1584,1630,1678,1665,1719,1711,1734,1782,1852,1935
"Bruto","Jugovzhodna Slovenija","45-54 let","Ženske",1394,1473,1571,1642,1644,1608,1666,1675,1683,1713,1778,1879
"Bruto","Jugovzhodna Slovenija","55-64 let","Spol - SKUPAJ",1722,1796,1914,1914,1942,1866,1890,1898,1907,1897,1949,2032
"Bruto","Jugovzhodna Slovenija","55-64 let","Moški",1630,1660,1801,1808,1816,1757,1791,1840,1855,z,z,2024
"Bruto","Jugovzhodna Slovenija","55-64 let","Ženske",2027,2203,2214,2150,2198,2075,2051,1980,1975,z,z,2042
"Bruto","Jugovzhodna Slovenija","65 let ali veè","Spol - SKUPAJ",4516,4393,3463,4088,3914,4346,3853,3814,3626,3596,3023,3400
"Bruto","Jugovzhodna Slovenija","65 let ali veè","Moški",4954,4645,3581,4295,4034,4719,4245,z,z,z,z,3187
"Bruto","Jugovzhodna Slovenija","65 let ali veè","Ženske",z,z,z,z,z,z,z,z,z,z,z,4051
"Bruto","Osrednjeslovenska","Starost - SKUPAJ","Spol - SKUPAJ",1637,1693,1743,1784,1795,1781,1816,1840,1880,1910,1966,2055
"Bruto","Osrednjeslovenska","Starost - SKUPAJ","Moški",1688,1725,1780,1827,1840,1823,1855,1885,1927,1953,2020,2103
"Bruto","Osrednjeslovenska","Starost - SKUPAJ","Ženske",1575,1655,1699,1734,1743,1732,1772,1787,1826,1859,1904,1998
"Bruto","Osrednjeslovenska","15-64 let","Spol - SKUPAJ",1632,1688,1738,1778,1790,1776,1811,1834,1873,1903,1960,2048
"Bruto","Osrednjeslovenska","15-64 let","Moški",1681,1717,1772,1818,1833,1816,1848,1876,1918,1945,2011,2094
"Bruto","Osrednjeslovenska","15-64 let","Ženske",1573,1653,1697,1733,1741,1730,1770,1784,1823,1855,1900,1993
"Bruto","Osrednjeslovenska","15-24 let","Spol - SKUPAJ",943,955,1008,1048,1055,1059,1079,1107,1126,1148,1198,1250
"Bruto","Osrednjeslovenska","15-24 let","Moški",942,952,1011,1056,1064,1072,1105,1134,1152,1171,1226,1276
"Bruto","Osrednjeslovenska","15-24 let","Ženske",946,963,1001,1028,1036,1026,1015,1035,1063,1090,1128,1185
"Bruto","Osrednjeslovenska","25-34 let","Spol - SKUPAJ",1430,1448,1479,1491,1490,1466,1483,1488,1502,1531,1595,1670
"Bruto","Osrednjeslovenska","25-34 let","Moški",1466,1474,1504,1522,1523,1494,1515,1526,1546,1579,1654,1730
"Bruto","Osrednjeslovenska","25-34 let","Ženske",1384,1415,1446,1451,1446,1430,1440,1436,1441,1466,1514,1587
"Bruto","Osrednjeslovenska","35-44 let","Spol - SKUPAJ",1711,1778,1831,1866,1886,1859,1886,1909,1934,1950,1999,2084
"Bruto","Osrednjeslovenska","35-44 let","Moški",1794,1838,1894,1933,1954,1917,1938,1974,2004,2010,2070,2156
"Bruto","Osrednjeslovenska","35-44 let","Ženske",1622,1714,1762,1795,1813,1796,1827,1836,1855,1881,1915,1998
"Bruto","Osrednjeslovenska","45-54 let","Spol - SKUPAJ",1682,1766,1815,1863,1873,1861,1905,1934,1998,2039,2115,2221
"Bruto","Osrednjeslovenska","45-54 let","Moški",1756,1818,1870,1929,1943,1937,1977,2009,2075,2112,2197,2295
"Bruto","Osrednjeslovenska","45-54 let","Ženske",1609,1717,1761,1803,1806,1789,1835,1859,1924,1967,2031,2144
"Bruto","Osrednjeslovenska","55-64 let","Spol - SKUPAJ",2026,2100,2179,2198,2179,2094,2080,2071,2101,2116,2148,2238
"Bruto","Osrednjeslovenska","55-64 let","Moški",1996,2053,2154,2195,2179,2103,2085,2090,2127,2147,2186,2265
"Bruto","Osrednjeslovenska","55-64 let","Ženske",2092,2195,2225,2204,2179,2082,2074,2049,2073,2082,2106,2208
"Bruto","Osrednjeslovenska","65 let ali veè","Spol - SKUPAJ",3974,4161,4111,3956,3972,3836,3596,3602,3536,3392,3199,3316
"Bruto","Osrednjeslovenska","65 let ali veè","Moški",4157,4309,4317,4161,4086,3893,3664,3650,3583,3383,3167,3330
"Bruto","Osrednjeslovenska","65 let ali veè","Ženske",3182,3496,3187,3071,3555,3647,3350,3440,3398,3417,3289,3281
"Bruto","Gorenjska","Starost - SKUPAJ","Spol - SKUPAJ",1376,1396,1466,1505,1543,1560,1603,1627,1663,1701,1761,1797
"Bruto","Gorenjska","Starost - SKUPAJ","Moški",1442,1428,1509,1558,1601,1639,1686,1719,1753,1786,1854,1872
"Bruto","Gorenjska","Starost - SKUPAJ","Ženske",1294,1355,1413,1440,1472,1465,1500,1511,1549,1592,1638,1696
"Bruto","Gorenjska","15-64 let","Spol - SKUPAJ",1374,1394,1465,1504,1541,1559,1602,1625,1662,1700,1759,1795
"Bruto","Gorenjska","15-64 let","Moški",1438,1426,1507,1556,1599,1637,1684,1717,1751,1784,1851,1869
"Bruto","Gorenjska","15-64 let","Ženske",1293,1355,1413,1439,1470,1465,1499,1510,1549,1591,1637,1695
"Bruto","Gorenjska","15-24 let","Spol - SKUPAJ",920,917,975,1028,1037,1059,1116,1128,1160,1195,1246,1288
"Bruto","Gorenjska","15-24 let","Moški",947,931,993,1052,1063,1085,1146,1155,1188,1220,1273,1325
"Bruto","Gorenjska","15-24 let","Ženske",843,871,928,961,955,966,984,1000,1037,1091,1144,1145
"Bruto","Gorenjska","25-34 let","Spol - SKUPAJ",1221,1228,1291,1323,1350,1360,1375,1374,1393,1437,1506,1539
"Bruto","Gorenjska","25-34 let","Moški",1284,1270,1338,1377,1403,1424,1439,1435,1455,1495,1569,1607
"Bruto","Gorenjska","25-34 let","Ženske",1127,1163,1217,1240,1263,1254,1263,1261,1276,1327,1383,1410
"Bruto","Gorenjska","35-44 let","Spol - SKUPAJ",1409,1433,1500,1537,1586,1606,1645,1668,1702,1728,1792,1819
"Bruto","Gorenjska","35-44 let","Moški",1523,1508,1583,1624,1684,1721,1762,1795,1821,1835,1917,1911
"Bruto","Gorenjska","35-44 let","Ženske",1289,1354,1409,1443,1477,1477,1507,1514,1553,1589,1629,1694
"Bruto","Gorenjska","45-54 let","Spol - SKUPAJ",1442,1465,1540,1567,1598,1608,1657,1690,1739,1793,1857,1917
"Bruto","Gorenjska","45-54 let","Moški",1513,1501,1590,1648,1687,1728,1794,1843,1900,1952,2022,2061
"Bruto","Gorenjska","45-54 let","Ženske",1370,1429,1489,1490,1516,1497,1526,1543,1580,1635,1686,1764
"Bruto","Gorenjska","55-64 let","Spol - SKUPAJ",1667,1690,1779,1790,1831,1804,1820,1826,1850,1856,1901,1946
"Bruto","Gorenjska","55-64 let","Moški",1630,1626,1715,1736,1782,1799,1826,1882,1903,1925,1973,2007
"Bruto","Gorenjska","55-64 let","Ženske",1773,1856,1927,1902,1925,1812,1810,1753,1786,1776,1817,1873
"Bruto","Gorenjska","65 let ali veè","Spol - SKUPAJ",3736,3209,3736,3598,4449,3465,2854,3012,3088,2888,2672,2516
"Bruto","Gorenjska","65 let ali veè","Moški",4004,3398,4191,3309,4041,3813,2876,2829,3137,2945,2795,2601
"Bruto","Gorenjska","65 let ali veè","Ženske",2933,2763,z,z,z,z,2781,3528,2913,2772,2368,2283
"Bruto","Primorsko-notranjska","Starost - SKUPAJ","Spol - SKUPAJ",1233,1262,1304,1352,1374,1373,1401,1418,1455,1494,1540,1598
"Bruto","Primorsko-notranjska","Starost - SKUPAJ","Moški",1277,1274,1329,1378,1404,1394,1438,1461,1500,1530,1584,1628
"Bruto","Primorsko-notranjska","Starost - SKUPAJ","Ženske",1179,1247,1272,1322,1339,1350,1357,1367,1404,1451,1489,1561
"Bruto","Primorsko-notranjska","15-64 let","Spol - SKUPAJ",1232,1261,1302,1351,1372,1371,1399,1416,1454,1491,1536,1592
"Bruto","Primorsko-notranjska","15-64 let","Moški",1275,1271,1327,1376,1401,1391,1434,z,z,z,z,z
"Bruto","Primorsko-notranjska","15-64 let","Ženske",1178,1247,1272,1322,1339,1348,1356,z,z,z,z,z
"Bruto","Primorsko-notranjska","15-24 let","Spol - SKUPAJ",849,854,941,982,1027,1040,1037,1045,1076,1113,1193,1212
"Bruto","Primorsko-notranjska","15-24 let","Moški",862,861,951,992,1040,1061,1050,z,z,1148,1230,1238
"Bruto","Primorsko-notranjska","15-24 let","Ženske",815,834,904,939,968,947,967,z,z,961,1053,1103
"Bruto","Primorsko-notranjska","25-34 let","Spol - SKUPAJ",1092,1108,1150,1185,1200,1185,1219,1247,1270,1299,1359,1407
"Bruto","Primorsko-notranjska","25-34 let","Moški",1132,1125,1172,1202,1220,1204,1250,1286,1309,z,1403,z
"Bruto","Primorsko-notranjska","25-34 let","Ženske",1030,1080,1116,1158,1165,1150,1160,1169,1192,z,1278,z
"Bruto","Primorsko-notranjska","35-44 let","Spol - SKUPAJ",1212,1260,1290,1333,1357,1363,1400,1416,1455,1510,1563,1614
"Bruto","Primorsko-notranjska","35-44 let","Moški",1284,1307,1365,1410,1433,1423,1476,1501,1526,1567,z,1655
"Bruto","Primorsko-notranjska","35-44 let","Ženske",1138,1209,1209,1252,1275,1299,1314,1321,1374,1443,z,1561
"Bruto","Primorsko-notranjska","45-54 let","Spol - SKUPAJ",1335,1364,1396,1437,1456,1433,1437,1448,1486,1516,1551,1633
"Bruto","Primorsko-notranjska","45-54 let","Moški",1399,1376,1416,1468,1504,1455,1472,1492,1560,1597,1647,1717
"Bruto","Primorsko-notranjska","45-54 let","Ženske",1273,1351,1376,1412,1417,1416,1407,1410,1422,1443,1465,1551
"Bruto","Primorsko-notranjska","55-64 let","Spol - SKUPAJ",1535,1557,1595,1678,1705,1656,1673,1667,1694,1708,1726,1754
"Bruto","Primorsko-notranjska","55-64 let","Moški",1506,1524,1577,1678,1698,1687,1732,1744,1751,1725,1713,1726
"Bruto","Primorsko-notranjska","55-64 let","Ženske",1614,1636,1633,1678,1716,1611,1600,1581,1636,1693,1738,1782
"Bruto","Primorsko-notranjska","65 let ali veè","Spol - SKUPAJ",z,3408,2947,2520,3003,3083,2805,2951,2742,3224,3332,3438
"Bruto","Primorsko-notranjska","65 let ali veè","Moški",z,3408,2947,2520,z,2978,2713,z,z,z,z,z
"Bruto","Primorsko-notranjska","65 let ali veè","Ženske",z,-,-,-,z,z,z,z,z,z,z,z
"Bruto","Goriška","Starost - SKUPAJ","Spol - SKUPAJ",1392,1421,1483,1519,1525,1511,1545,1546,1599,1619,1669,1736
"Bruto","Goriška","Starost - SKUPAJ","Moški",1456,1454,1522,1568,1575,1561,1597,1606,1654,1677,1733,1791
"Bruto","Goriška","Starost - SKUPAJ","Ženske",1311,1379,1433,1460,1466,1453,1484,1474,1531,1548,1594,1668
"Bruto","Goriška","15-64 let","Spol - SKUPAJ",1391,1419,1482,1517,1523,1509,1543,1544,1597,1616,1666,1732
"Bruto","Goriška","15-64 let","Moški",1454,1452,1521,1566,1573,1557,1594,z,z,1673,1729,1785
"Bruto","Goriška","15-64 let","Ženske",1310,1378,1432,1459,1465,1452,1483,z,z,1547,1593,1667
"Bruto","Goriška","15-24 let","Spol - SKUPAJ",897,871,941,994,1010,1000,1018,1050,1062,1129,1152,1201
"Bruto","Goriška","15-24 let","Moški",907,877,950,1004,1027,1023,1041,z,z,1145,1174,1225
"Bruto","Goriška","15-24 let","Ženske",864,852,914,964,958,927,927,z,z,1063,1079,1119
"Bruto","Goriška","25-34 let","Spol - SKUPAJ",1209,1215,1262,1293,1296,1298,1314,1310,1345,1368,1410,1471
"Bruto","Goriška","25-34 let","Moški",1248,1232,1295,1325,1331,1340,1356,1361,1394,1412,1452,1517
"Bruto","Goriška","25-34 let","Ženske",1151,1190,1212,1243,1241,1227,1237,1217,1253,1287,1336,1387
"Bruto","Goriška","35-44 let","Spol - SKUPAJ",1407,1439,1495,1521,1525,1512,1552,1547,1600,1615,1674,1741
"Bruto","Goriška","35-44 let","Moški",1506,1513,1570,1605,1606,1591,1630,1629,1667,1692,1768,1820
"Bruto","Goriška","35-44 let","Ženske",1303,1358,1414,1433,1436,1427,1462,1452,1517,1519,1561,1641
"Bruto","Goriška","45-54 let","Spol - SKUPAJ",1474,1501,1564,1592,1587,1555,1581,1580,1643,1670,1719,1801
"Bruto","Goriška","45-54 let","Moški",1561,1548,1615,1670,1659,1625,1659,1671,1746,1772,1815,1889
"Bruto","Goriška","45-54 let","Ženske",1384,1454,1514,1522,1523,1494,1511,1499,1547,1576,1633,1715
"Bruto","Goriška","55-64 let","Spol - SKUPAJ",1752,1826,1908,1915,1925,1830,1827,1812,1840,1821,1871,1934
"Bruto","Goriška","55-64 let","Moški",1755,1787,1876,1903,1928,1844,1856,1857,1878,1873,1947,1999
"Bruto","Goriška","55-64 let","Ženske",1742,1936,1987,1936,1920,1809,1787,1753,1794,1761,1787,1863
"Bruto","Goriška","65 let ali veè","Spol - SKUPAJ",3773,5000,4063,3851,3888,3388,2953,2940,2645,2838,2804,2918
"Bruto","Goriška","65 let ali veè","Moški",3660,4930,z,3923,3892,3616,3127,z,z,2968,2690,2891
"Bruto","Goriška","65 let ali veè","Ženske",z,z,z,z,z,z,z,z,z,2162,3577,3102
"Bruto","Obalno-kraška","Starost - SKUPAJ","Spol - SKUPAJ",1434,1489,1524,1563,1580,1579,1626,1640,1680,1697,1745,1826
"Bruto","Obalno-kraška","Starost - SKUPAJ","Moški",1479,1513,1546,1594,1613,1606,1660,1677,1725,1742,1796,1881
"Bruto","Obalno-kraška","Starost - SKUPAJ","Ženske",1374,1457,1496,1525,1540,1549,1585,1596,1628,1644,1683,1759
"Bruto","Obalno-kraška","15-64 let","Spol - SKUPAJ",1431,1486,1521,1559,1576,1576,1623,1637,1676,1692,1739,1820
"Bruto","Obalno-kraška","15-64 let","Moški",1474,1508,1541,1587,1608,1601,1656,1673,1720,1736,1791,1875
"Bruto","Obalno-kraška","15-64 let","Ženske",1374,1457,1496,1524,1539,1547,1583,1593,1625,1640,1678,1753
"Bruto","Obalno-kraška","15-24 let","Spol - SKUPAJ",894,907,956,1018,1022,1024,1056,1058,1075,1128,1176,1237
"Bruto","Obalno-kraška","15-24 let","Moški",904,909,961,1039,1027,1033,1076,1082,1102,1163,1214,1266
"Bruto","Obalno-kraška","15-24 let","Ženske",864,901,943,969,1010,997,984,976,994,1047,1084,1157
"Bruto","Obalno-kraška","25-34 let","Spol - SKUPAJ",1231,1256,1293,1321,1333,1315,1341,1337,1367,1394,1436,1524
"Bruto","Obalno-kraška","25-34 let","Moški",1262,1279,1305,1342,1358,1336,1367,1364,1407,1443,1500,1604
"Bruto","Obalno-kraška","25-34 let","Ženske",1185,1221,1275,1292,1297,1284,1303,1296,1307,1320,1348,1408
"Bruto","Obalno-kraška","35-44 let","Spol - SKUPAJ",1474,1545,1566,1602,1617,1611,1653,1671,1696,1708,1745,1816
"Bruto","Obalno-kraška","35-44 let","Moški",1534,1584,1608,1658,1669,1654,1703,1723,1759,1773,1817,1904
"Bruto","Obalno-kraška","35-44 let","Ženske",1404,1499,1513,1537,1559,1563,1594,1607,1620,1626,1653,1705
"Bruto","Obalno-kraška","45-54 let","Spol - SKUPAJ",1510,1576,1615,1645,1651,1660,1700,1708,1768,1780,1859,1961
"Bruto","Obalno-kraška","45-54 let","Moški",1581,1619,1662,1694,1705,1715,1762,1772,1832,1839,1934,2038
"Bruto","Obalno-kraška","45-54 let","Ženske",1437,1531,1568,1599,1603,1613,1644,1648,1706,1719,1781,1880
"Bruto","Obalno-kraška","55-64 let","Spol - SKUPAJ",1720,1806,1824,1824,1861,1808,1847,1865,1869,1867,1883,1939
"Bruto","Obalno-kraška","55-64 let","Moški",1740,1807,1800,1807,1875,1824,1878,1918,1921,1899,1902,1949
"Bruto","Obalno-kraška","55-64 let","Ženske",1672,1802,1872,1855,1837,1785,1805,1797,1809,1832,1861,1928
"Bruto","Obalno-kraška","65 let ali veè","Spol - SKUPAJ",3400,3600,3761,3757,3524,3313,3214,3000,2945,2843,2763,2686
"Bruto","Obalno-kraška","65 let ali veè","Moški",3585,3750,3768,3880,3667,3199,2990,2725,2902,2833,2554,2525
"Bruto","Obalno-kraška","65 let ali veè","Ženske",z,z,z,3141,3096,3734,z,3980,3058,2863,3292,3098
